股票代码,股票简称,最新价,最新涨跌幅,个股热度[20250701],个股热度排名[20250701],market_code,code
601606.SH,长城军工,31.96,10.017211704,11454226.0,1,17,601606
002235.SZ,安妮股份,11.66,10,7136665.0,2,33,002235
002104.SZ,恒宝股份,19.12,-3.967855349,5692124.0,3,33,002104
002265.SZ,建设工业,29.22,-4.353518822,5274654.0,4,33,002265
001298.SZ,好上好,33.56,3.452527744,4969697.5,5,33,001298
600967.SH,内蒙一机,19.31,-0.206718346,4514376.0,6,17,600967
000519.SZ,中兵红箭,22.7,3.700319781,4092118.5,7,33,000519
002263.SZ,大东南,4.21,1.937046005,4085901.0,8,33,002263
600110.SH,诺德股份,6.29,-10.014306152,3946303.5,9,17,600110
002579.SZ,中京电子,13.68,-9.702970297,3786350.0,10,33,002579
600698.SH,湖南天雁,9.53,4.725274725,3767040.5,11,17,600698
000737.SZ,北方铜业,11.53,6.169429098,3580333.5,12,33,000737
002165.SZ,红宝丽,10.11,10.010881393,3423762.5,13,33,002165
603123.SH,翠微股份,15.35,-9.970674487,3269930.5,14,17,603123
001236.SZ,弘业期货,14.38,-10.012515645,3267721.0,15,33,001236
002670.SZ,国盛金控,15.66,4.053156146,3061916.0,16,33,002670
301357.SZ,北方长龙,88.06,-7.751937984,2891319.5,17,33,301357
300204.SZ,舒泰神,43,15.343347639,2733147.5,18,33,300204
002366.SZ,融发核电,8.35,1.705237515,2676604.0,19,33,002366
002189.SZ,中光学,31.52,2.337662338,2636208.5,20,33,002189
600798.SH,宁波海运,4.72,3.50877193,2348455.5,21,17,600798
600643.SH,爱建集团,8.16,9.973045822,2188861.0,22,17,600643
600435.SH,北方导航,15,-3.784477229,2097051.0,23,17,600435
002190.SZ,成飞集成,38.58,-1.228878648,2070626.0,24,33,002190
300468.SZ,四方精创,45.67,-9.546444841,2047097.0,25,33,300468
003040.SZ,楚天龙,25.24,4.082474227,2043174.0,26,33,003040
002882.SZ,金龙羽,35.98,-8.911392405,1915645.5,27,33,002882
002185.SZ,华天科技,10.78,6.732673267,1897678.5,28,33,002185
601162.SH,天风证券,4.8,-2.636916836,1894132.5,29,17,601162
300046.SZ,台基股份,45.9,3.728813559,1861668.0,30,33,300046
002015.SZ,协鑫能科,14.26,2.368987796,1826262.0,31,33,002015
603928.SH,兴业股份,20.26,2.374936837,1794953.5,32,17,603928
600416.SH,湘电股份,14.31,6.473214286,1793856.0,33,17,600416
300875.SZ,捷强装备,46.94,3.187513739,1773964.0,34,33,300875
001388.SZ,信通电子,63.44,286.358099878,1758692.0,35,33,001388
002600.SZ,领益智造,8.87,3.259604191,1555110.0,36,33,002600
002384.SZ,东山精密,41.55,10.007942812,1495162.0,37,33,002384
300059.SZ,东方财富,22.88,-1.080847384,1384638.0,38,33,300059
002416.SZ,爱施德,13.22,9.983361065,1367795.0,39,33,002416
600105.SH,永鼎股份,8.66,7.045735476,1334162.5,40,17,600105
600366.SH,宁波韵升,11.25,3.591160221,1283310.5,41,17,600366
000565.SZ,渝三峡A,10.1,6.540084388,1277175.5,42,33,000565
002550.SZ,千红制药,9.01,7.261904762,1275335.0,43,33,002550
300293.SZ,蓝英装备,28.81,14.598249801,1267604.0,44,33,300293
000158.SZ,常山北明,22.72,3.178928247,1264795.0,45,33,000158
600415.SH,小商品城,19.43,-6.044487427,1230759.5,46,17,600415
002017.SZ,东信和平,17.6,-4.503526858,1213912.5,47,33,002017
000677.SZ,恒天海龙,5.87,3.89380531,1211404.0,48,33,000677
300591.SZ,万里马,10.4,-7.555555556,1178474.5,49,33,300591
600610.SH,中毅达,16.18,-1.221001221,1129777.5,50,17,600610
600152.SH,维科技术,7.88,3.547963206,1127521.5,51,17,600152
002987.SZ,京北方,18.99,-8.920863309,1112731.5,52,33,002987
000981.SZ,山子高科,2.4,4.80349345,1092640.0,53,33,000981
300697.SZ,电工合金,15.69,8.731808732,1087896.0,54,33,300697
300773.SZ,拉卡拉,30.74,-8.101644245,1077493.0,55,33,300773
000856.SZ,冀东装备,11.96,10.027598896,1065815.0,56,33,000856
300581.SZ,晨曦航空,20.95,2.344894968,1058397.5,57,33,300581
003029.SZ,吉大正元,28.62,-10,1049225.0,58,33,003029
603002.SH,宏昌电子,6.92,5.327245053,1044104.0,59,17,603002
002213.SZ,大为股份,20,3.573278094,1014544.5,60,33,002213
300008.SZ,天海防务,7.34,-0.676589986,1013262.0,61,33,300008
300527.SZ,中船应急,10.96,20.04381161,1005903.5,62,33,300527
002639.SZ,雪人股份,10.78,3.157894737,997272.0,63,33,002639
000026.SZ,飞亚达,16.51,4.361567636,995826.5,64,33,000026
002177.SZ,御银股份,7.77,-3.598014888,995472.0,65,33,002177
600281.SH,华阳新材,7.27,-1.356852103,982726.5,66,17,600281
600241.SH,时代万恒,10.23,-3.943661972,976805.0,67,17,600241
002846.SZ,英联股份,17.96,-10.02004008,973550.0,68,33,002846
002383.SZ,合众思壮,11.21,2.468007313,971803.0,69,33,002383
300274.SZ,阳光电源,68.69,1.357532832,956803.5,70,33,300274
600619.SH,海立股份,12.55,9.991235758,955470.5,71,17,600619
002261.SZ,拓维信息,31.01,0.193861066,945440.5,72,33,002261
002365.SZ,永安药业,28.2,5.420560748,938854.5,73,33,002365
600178.SH,东安动力,14.35,-3.755868545,893350.5,74,17,600178
600666.SH,奥瑞德,3.29,-8.611111111,892781.5,75,17,600666
603300.SH,海南华铁,10.7,-4.035874439,873733.0,76,17,603300
002878.SZ,元隆雅图,21,-9.793814433,867554.0,77,33,002878
002651.SZ,利君股份,13.22,9.983361065,858247.5,78,33,002651
002074.SZ,国轩高科,31.73,-2.24892175,853603.0,79,33,002074
002537.SZ,海联金汇,10.55,-4.783393502,837213.0,80,33,002537
000859.SZ,国风新材,7.69,5.342465753,828719.0,81,33,000859
002735.SZ,王子新材,15.33,3.511141121,826811.0,82,33,002735
000829.SZ,天音控股,10.82,5.97453477,824688.5,83,33,000829
601718.SH,际华集团,4.31,9.948979592,824286.5,84,17,601718
600171.SH,上海贝岭,35.19,2.744525547,814217.5,85,17,600171
600644.SH,乐山电力,14.97,7.543103448,801993.0,86,17,600644
300414.SZ,中光防雷,14.26,-7.881136951,783714.5,87,33,300414
002402.SZ,和而泰,23.32,0.647388865,770299.5,88,33,002402
002040.SZ,南京港,10.95,0.828729282,748735.5,89,33,002040
002195.SZ,岩山科技,5.6,-0.53285968,745374.0,90,33,002195
002173.SZ,创新医疗,15.68,10.035087719,721964.5,91,33,002173
002809.SZ,红墙股份,13.92,6.584992343,715415.5,92,33,002809
002250.SZ,联化科技,11.15,1.363636364,712165.5,93,33,002250
000063.SZ,中兴通讯,32.64,0.461680517,704697.0,94,33,000063
002389.SZ,航天彩虹,25.4,-0.78125,702293.0,95,33,002389
603212.SH,赛伍技术,12.87,3.042433947,695242.5,96,17,603212
603155.SH,新亚强,17.8,-7.676348548,687892.0,97,17,603155
002570.SZ,贝因美,6.47,1.410658307,685721.0,98,33,002570
300641.SZ,正丹股份,23.96,5.133830627,685419.5,99,33,300641
002549.SZ,凯美特气,11.33,10,683330.0,100,33,002549
300600.SZ,国瑞科技,15.72,1.093247588,681302.5,101,33,300600
300340.SZ,科恒股份,19.57,-10.229357798,672164.5,102,33,300340
600150.SH,中国船舶,33.33,2.427781192,655923.5,103,17,600150
002581.SZ,未名医药,9.83,9.955257271,654028.5,104,33,002581
002245.SZ,蔚蓝锂芯,13.51,5.300077942,650443.0,105,33,002245
300077.SZ,国民技术,26.09,1.9140625,649373.0,106,33,300077
002900.SZ,哈三联,14.82,4,622680.5,107,33,002900
300546.SZ,雄帝科技,32.73,-8.728388176,620822.0,108,33,300546
600589.SH,大位科技,7.73,-2.767295597,619371.0,109,17,600589
002475.SZ,立讯精密,34.71,0.057653502,614826.0,110,33,002475
601890.SH,亚星锚链,10.3,1.079489696,604975.0,111,17,601890
300810.SZ,中科海讯,49.93,8.993669504,602938.5,112,33,300810
603799.SH,华友钴业,38.08,2.863317126,602688.5,113,17,603799
300723.SZ,一品红,57.5,14.724660814,596904.0,114,33,300723
002940.SZ,昂利康,40.82,9.997305309,593014.0,115,33,002940
002471.SZ,中超控股,4.9,1.030927835,591388.5,116,33,002471
300085.SZ,银之杰,43.96,-0.226963232,590663.5,117,33,300085
300149.SZ,睿智医药,11.4,7.547169811,588688.0,118,33,300149
300269.SZ,联建光电,5.96,1.016949153,585553.0,119,33,300269
000066.SZ,中国长城,14.69,-0.743243243,585027.5,120,33,000066
002300.SZ,太阳电缆,7.02,2.481751825,584696.5,121,33,002300
300803.SZ,指南针,77.88,-3.446565832,573969.0,122,33,300803
600570.SH,恒生电子,32.09,-4.323196184,567419.0,123,17,600570
601899.SH,紫金矿业,19.9,2.051282051,566220.0,124,17,601899
300164.SZ,通源石油,5.94,-1.328903654,563688.0,125,33,300164
000561.SZ,烽火电子,10.65,-0.745573159,561416.0,126,33,000561
002640.SZ,跨境通,4.85,-3.193612774,556856.0,127,33,002640
600095.SH,湘财股份,9.87,-1.595214357,552357.5,128,17,600095
300065.SZ,海兰信,18.36,2.569832402,551543.0,129,33,300065
600764.SH,中国海防,35.91,5.617647059,548942.0,130,17,600764
600468.SH,百利电气,7.5,4.311543811,547165.0,131,17,600468
002685.SZ,华东重机,8.08,7.304116866,545165.0,132,33,002685
300568.SZ,星源材质,12.51,-1.340694006,542403.0,133,33,300568
600353.SH,旭光电子,14.67,9.970014993,534020.0,134,17,600353
600192.SH,长城电工,9.41,10.058479532,532537.0,135,17,600192
002721.SZ,金一文化,3.51,1.445086705,531223.5,136,33,002721
601008.SH,连云港,6.68,0.3003003,530370.5,137,17,601008
002490.SZ,山东墨龙,6.14,-3.459119497,529621.5,138,33,002490
002951.SZ,金时科技,13.76,-8.632138114,526835.0,139,33,002951
300674.SZ,宇信科技,28.11,-7.197094751,523498.5,140,33,300674
002427.SZ,尤夫股份,8.83,1.377726751,520865.5,141,33,002427
603316.SH,诚邦股份,9.89,10.011123471,518848.5,142,17,603316
002463.SZ,沪电股份,44.11,3.593236261,516416.5,143,33,002463
002125.SZ,湘潭电化,14.1,-2.959394357,516012.0,144,33,002125
002866.SZ,传艺科技,20.23,10.005437738,515238.0,145,33,002866
002413.SZ,雷科防务,5.85,1.211072664,514997.5,146,33,002413
002094.SZ,青岛金王,8.74,-0.681818182,512486.5,147,33,002094
300003.SZ,乐普医疗,14.83,7.619738752,512225.5,148,33,300003
002119.SZ,康强电子,17.69,3.510825044,511232.0,149,33,002119
301678.SZ,新恒汇,58.21,-1.672297297,511181.5,150,33,301678
002424.SZ,贵州百灵,5.7,10.038610039,510544.0,151,33,002424
300199.SZ,翰宇药业,17.25,4.229607251,508784.0,152,33,300199
000670.SZ,盈方微,7.42,3.198887344,508185.0,153,33,000670
600775.SH,南京熊猫,11.09,1.836547291,506711.0,154,17,600775
002465.SZ,海格通信,13.48,-3.299856528,504792.5,155,33,002465
002594.SZ,比亚迪,331.34,-0.171733301,502947.5,156,33,002594
301308.SZ,江波龙,85.09,-2.743170648,501675.0,157,33,301308
300963.SZ,中洲特材,24,4.80349345,497648.5,158,33,300963
605099.SH,共创草坪,33.87,0.833581423,488409.5,159,17,605099
300324.SZ,旋极信息,5.22,20,487628.0,160,33,300324
300537.SZ,广信材料,27.61,7.725321888,486217.0,161,33,300537
002229.SZ,鸿博股份,16.76,-1.527614571,483769.5,162,33,002229
300476.SZ,胜宏科技,137.6,2.396189909,483532.0,163,33,300476
000420.SZ,吉林化纤,4,2.564102564,479922.5,164,33,000420
600839.SH,四川长虹,9.8,0.823045267,479673.0,165,17,600839
002741.SZ,光华科技,21.89,3.842504744,478947.5,166,33,002741
300043.SZ,星辉娱乐,5.08,4.958677686,478774.0,167,33,300043
002207.SZ,准油股份,8.21,-4.534883721,476930.0,168,33,002207
300753.SZ,爱朋医疗,34.34,4.12371134,475440.5,169,33,300753
301348.SZ,蓝箭电子,27.11,15.214619635,475305.0,170,33,301348
002342.SZ,巨力索具,6.22,1.468189233,474773.5,171,33,002342
600794.SH,保税科技,5.19,-2.626641651,472918.0,172,17,600794
000065.SZ,北方国际,12.09,2.457627119,472897.0,173,33,000065
300584.SZ,海辰药业,41.07,3.790750569,471048.5,174,33,300584
300971.SZ,博亚精工,23.1,7.342007435,470517.0,175,33,300971
000520.SZ,凤凰航运,5.18,1.171875,464049.5,176,33,000520
601022.SH,宁波远洋,10,1.317122594,463773.0,177,17,601022
301141.SZ,中科磁业,62.58,-1.912225705,463378.0,178,33,301141
300139.SZ,晓程科技,21.18,5.373134328,462834.0,179,33,300139
300260.SZ,新莱应材,33.89,3.071776156,462506.0,180,33,300260
603716.SH,塞力医疗,15.84,10,461496.5,181,17,603716
601086.SH,国芳集团,12.27,0.987654321,461447.5,182,17,601086
603099.SH,长白山,39.16,2.89017341,457758.0,183,17,603099
002130.SZ,沃尔核材,23.37,-1.889168766,457275.5,184,33,002130
601138.SH,工业富联,21.4,0.09354537,453411.0,185,17,601138
002080.SZ,中材科技,21.45,10,451317.0,186,33,002080
603083.SH,剑桥科技,47.53,0.486257928,449641.5,187,17,603083
002426.SZ,胜利精密,3.31,-2.359882006,449500.0,188,33,002426
002317.SZ,众生药业,15.62,4.063957362,449021.0,189,33,002317
002510.SZ,天汽模,6.91,-2.124645892,443737.5,190,33,002510
300308.SZ,中际旭创,145.3,-0.383929796,442671.0,191,33,300308
002855.SZ,捷荣技术,19.73,4.336329984,442457.5,192,33,002855
600960.SH,渤海汽车,5.29,-2.037037037,441618.0,193,17,600960
300196.SZ,长海股份,14.64,20,440733.0,194,33,300196
605378.SH,野马电池,21.66,-8.181432811,440556.5,195,17,605378
002313.SZ,日海智能,10.31,-0.482625483,440521.0,196,33,002313
603127.SH,昭衍新药,22.3,6.038991916,439856.5,197,17,603127
300010.SZ,豆神教育,8.73,5.307599517,439483.0,198,33,300010
601127.SH,赛力斯,136.51,1.630434783,439359.5,199,17,601127
603200.SH,上海洗霸,49.32,5.227224237,438258.0,200,17,603200
688151.SH,华强科技,27.82,-1.312522171,436501.5,201,17,688151
002246.SZ,北化股份,15.31,4.719562244,434577.5,202,33,002246
000892.SZ,欢瑞世纪,4.73,-2.272727273,434436.5,203,33,000892
002210.SZ,飞马国际,3.11,9.893992933,432855.0,204,33,002210
302132.SZ,中航成飞,85.95,-2.262906527,432827.0,205,33,302132
002276.SZ,万马股份,14.08,-2.493074792,429686.0,206,33,002276
600760.SH,中航沈飞,57.94,-1.160013647,429547.0,207,17,600760
600580.SH,卧龙电驱,19.99,1.112797167,428513.0,208,17,600580
300589.SZ,江龙船艇,15.92,4.461942257,427030.5,209,33,300589
002467.SZ,二六三,6.36,-1.70015456,422437.5,210,33,002467
603011.SH,合锻智能,15.74,1.026957638,418796.5,211,17,603011
300180.SZ,华峰超纤,8.92,-6.400839454,418630.5,212,33,300180
002131.SZ,利欧股份,3.43,-2,417786.0,213,33,002131
300502.SZ,新易盛,127.2,0.141709967,417494.5,214,33,300502
300130.SZ,新国都,32.94,-7.28961441,417092.5,215,33,300130
600319.SH,亚星化学,7.18,9.954058193,416960.0,216,17,600319
002555.SZ,三七互娱,17.83,3.123192597,416814.0,217,33,002555
002217.SZ,合力泰,2.54,-5.576208178,416741.0,218,33,002217
300698.SZ,万马科技,43.54,-5.716760502,416721.0,219,33,300698
301421.SZ,波长光电,80.07,0.100012502,416557.5,220,33,301421
603906.SH,龙蟠科技,15.65,-2.126328956,414727.5,221,17,603906
000062.SZ,深圳华强,26.96,0.372300819,414182.0,222,33,000062
301024.SZ,霍普股份,52.88,-7.970762269,410937.5,223,33,301024
002584.SZ,西陇科学,10.13,2.634245187,410081.0,224,33,002584
000903.SZ,云内动力,4.52,1.118568233,409186.0,225,33,000903
002938.SZ,鹏鼎控股,33.78,5.463627849,405721.0,226,33,002938
603986.SH,兆易创新,124.02,-1.983719276,403569.0,227,17,603986
002181.SZ,粤传媒,6.98,-3.19001387,403508.0,228,33,002181
601398.SH,工商银行,7.66,0.92226614,399035.0,229,17,601398
603048.SH,浙江黎明,20.36,3.560528993,398758.5,230,17,603048
600184.SH,光电股份,17.26,-1.708428246,396532.5,231,17,600184
301316.SZ,慧博云通,43.36,0.649953575,396258.0,232,33,301316
300649.SZ,杭州园林,18.32,-4.083769634,395580.5,233,33,300649
600744.SH,华银电力,4.96,9.977827051,393255.0,234,17,600744
000878.SZ,云南铜业,12.99,2.122641509,392926.0,235,33,000878
833171.BJ,国航远洋,13.09,4.302788845,389423.0,236,151,833171
603538.SH,美诺华,21.07,6.900050736,386361.0,237,17,603538
000547.SZ,航天发展,8.36,-0.476190476,385961.5,238,33,000547
002657.SZ,中科金财,26.94,-3.579098067,385785.0,239,33,002657
300965.SZ,恒宇信通,65.72,-0.121580547,384440.0,240,33,300965
600418.SH,江淮汽车,40.85,1.895734597,381412.5,241,17,600418
002065.SZ,东华软件,9.64,0.416666667,380976.5,242,33,002065
002734.SZ,利民股份,18.38,0.43715847,380727.5,243,33,002734
300033.SZ,同花顺,269.32,-1.351598843,380437.0,244,33,300033
688256.SH,寒武纪,563,-6.400665004,380430.0,245,17,688256
600126.SH,杭钢股份,8.9,-1.111111111,380205.5,246,17,600126
603686.SH,福龙马,16.08,-1.591187271,379819.5,247,17,603686
300399.SZ,天利科技,34.65,-5.327868852,379062.0,248,33,300399
002354.SZ,天娱数科,6.47,1.88976378,378591.0,249,33,002354
300801.SZ,泰和科技,25.27,-9.035277178,375587.0,250,33,300801
603259.SH,药明康德,70.7,1.6534867,373776.5,251,17,603259
002156.SZ,通富微电,25.9,1.092896175,371776.0,252,33,002156
002103.SZ,广博股份,11.48,0.087183958,370739.5,253,33,002103
300368.SZ,汇金股份,11.31,-3.498293515,365128.5,254,33,300368
300353.SZ,东土科技,21.41,0.281030445,364526.0,255,33,300353
601318.SH,中国平安,55.7,0.396539293,364250.5,256,17,601318
301312.SZ,智立方,42,5.793450882,361362.5,257,33,301312
002108.SZ,沧州明珠,3.75,-2.849740933,359325.0,258,33,002108
002241.SZ,歌尔股份,23.2,-0.51457976,358817.0,259,33,002241
300251.SZ,光线传媒,19.73,-2.66403552,356973.0,260,33,300251
600685.SH,中船防务,28.01,3.015814638,356951.0,261,17,600685
000566.SZ,海南海药,6.24,6.12244898,354767.0,262,33,000566
300348.SZ,长亮科技,16.45,-5.405405405,353456.0,263,33,300348
603005.SH,晶方科技,28.51,0.422684044,352565.5,264,17,603005
002562.SZ,兄弟科技,4.99,2.254098361,352293.0,265,33,002562
601919.SH,中远海控,15.24,1.329787234,350373.5,266,17,601919
000858.SZ,五粮液,118.63,-0.227081581,350105.5,267,33,000858
600592.SH,龙溪股份,23.18,-4.016563147,350044.0,268,17,600592
300429.SZ,强力新材,14.94,0.606060606,348307.5,269,33,300429
600895.SH,张江高科,26.54,3.26848249,348217.0,270,17,600895
002456.SZ,欧菲光,11.76,-0.759493671,348200.5,271,33,002456
002553.SZ,南方精工,22.19,3.305400372,347856.5,272,33,002553
603712.SH,七一二,21.54,2.522608282,347484.0,273,17,603712
300722.SZ,新余国科,36.41,-5.917312661,347090.5,274,33,300722
300026.SZ,红日药业,3.99,8.130081301,345567.5,275,33,300026
000777.SZ,中核科技,22.36,1.682582992,344683.0,276,33,000777
300377.SZ,赢时胜,25.54,-1.579961464,344185.5,277,33,300377
300682.SZ,朗新集团,22.86,-2.723404255,343150.5,278,33,300682
002115.SZ,三维通信,9.12,-1.19176598,342223.0,279,33,002115
301511.SZ,德福科技,21.38,3.285024155,340070.0,280,33,301511
300651.SZ,金陵体育,27.94,1.048824593,338634.0,281,33,300651
300255.SZ,常山药业,46.85,0.514910963,337772.0,282,33,300255
605006.SH,山东玻纤,7.39,9.970238095,337124.5,283,17,605006
600030.SH,中信证券,27.39,-0.832729906,335962.0,284,17,600030
300767.SZ,震安科技,14.19,8.902532617,333302.5,285,33,300767
603067.SH,振华股份,16.33,7.152230971,332336.5,286,17,603067
603093.SH,南华期货,20.52,-8.105687416,332020.0,287,17,603093
601211.SH,国泰海通,19.27,0.574112735,330649.0,288,17,601211
603228.SH,景旺电子,42.34,1.195028681,328502.5,289,17,603228
003010.SZ,若羽臣,62.33,2.854785479,326912.5,290,33,003010
300016.SZ,北陆药业,9.91,4.425711275,326366.0,291,33,300016
000722.SZ,湖南发展,13.29,4.235294118,323489.5,292,33,000722
300531.SZ,优博讯,21.58,-8.906711693,322384.0,293,33,300531
600203.SH,福日电子,9.43,0.747863248,319611.5,294,17,600203
002278.SZ,神开股份,9.19,2.911534155,319199.0,295,33,002278
600990.SH,四创电子,30.84,9.985734665,318941.0,296,17,600990
300007.SZ,汉威科技,40,-1.477832512,316568.5,297,33,300007
600988.SH,赤峰黄金,25.31,1.72829582,315147.5,298,17,600988
600505.SH,西昌电力,14.95,6.40569395,314888.5,299,17,600505
301408.SZ,华人健康,15.72,3.353057199,314808.5,300,33,301408
603124.SH,江南新材,53.46,10,313804.5,301,17,603124
301137.SZ,哈焊华通,37.52,1.268556005,313389.5,302,33,301137
300153.SZ,科泰电源,32.41,-4.254062038,313185.5,303,33,300153
600379.SH,宝光股份,12.37,6.729939603,312193.5,304,17,600379
600590.SH,泰豪科技,9.52,-2.558853634,311709.0,306,17,600590
603042.SH,华脉科技,16.51,-5.60320183,311709.0,305,17,603042
002414.SZ,高德红外,10.2,-0.487804878,310000.5,307,33,002414
002048.SZ,宁波华翔,18.67,1.412275937,309081.5,308,33,002048
600673.SH,东阳光,12.67,8.94239037,308601.0,309,17,600673
002583.SZ,海能达,12.15,-1.299756296,308569.0,310,33,002583
600980.SH,北矿科技,23.2,-4.605263158,308354.0,311,17,600980
600797.SH,浙大网新,9.58,0.524658972,307577.0,312,17,600797
301293.SZ,三博脑科,52.26,1.65337483,306865.5,313,33,301293
603585.SH,苏利股份,19.61,6.057328286,306240.5,314,17,603585
603993.SH,洛阳钼业,8.52,1.187648456,305343.5,315,17,603993
600858.SH,银座股份,5.99,0,304432.5,316,17,600858
000001.SZ,平安银行,12.3,1.905550953,303957.5,317,33,000001
002506.SZ,协鑫集成,2.57,-3.745318352,303836.0,318,33,002506
603022.SH,新通联,10.61,-4.068716094,303735.0,319,17,603022
000576.SZ,甘化科工,10.08,-4.091341579,303141.0,320,33,000576
002166.SZ,莱茵生物,8.2,5.943152455,302837.5,321,33,002166
300433.SZ,蓝思科技,22.27,-0.134529148,302730.5,322,33,300433
000625.SZ,长安汽车,12.74,-0.156739812,302411.0,323,33,000625
300394.SZ,天孚通信,78.83,-1.26503006,301717.0,324,33,300394
603920.SH,世运电路,30.01,-1.638806949,301571.0,325,17,603920
002175.SZ,东方智造,4.62,1.094091904,301127.0,326,33,002175
002408.SZ,齐翔腾达,4.7,4.910714286,300675.0,327,33,002408
601212.SH,白银有色,3.26,4.153354633,299791.0,328,17,601212
003031.SZ,中瓷电子,55.63,4.54801729,299615.5,329,33,003031
600711.SH,ST盛屯,6.59,4.272151899,299171.5,330,22,600711
000678.SZ,襄阳轴承,15.41,0.587467363,299150.0,331,33,000678
600206.SH,有研新材,18.95,-0.83725798,299141.5,332,17,600206
600789.SH,鲁抗医药,10.24,2.297702298,297346.5,333,17,600789
600276.SH,恒瑞医药,52.46,1.078998073,297315.0,334,17,600276
601989.SH,中国重工,4.68,0.862068966,296727.0,335,17,601989
300847.SZ,中船汉光,18.95,6.400898372,296331.5,336,33,300847
000564.SZ,供销大集,2.28,-1.724137931,295977.0,337,33,000564
002558.SZ,巨人网络,23.05,-2.123142251,295227.0,338,33,002558
000100.SZ,TCL科技,4.37,0.923787529,293409.0,339,33,000100
601020.SH,华钰矿业,18.64,3.097345133,292014.0,340,17,601020
000977.SZ,浪潮信息,50.44,-0.864779874,291994.0,341,33,000977
300296.SZ,利亚德,6.14,0.655737705,291855.0,342,33,300296
002724.SZ,海洋王,7.85,-5.421686747,291579.5,343,33,002724
300047.SZ,天源迪科,16.14,1.191222571,290665.5,344,33,300047
002167.SZ,东方锆业,10.95,-1.617250674,290464.5,345,33,002167
000768.SZ,中航西飞,27.57,0.84125823,290189.5,346,33,000768
600072.SH,中船科技,13.22,2.00617284,289731.0,347,17,600072
300373.SZ,扬杰科技,53.5,3.082851638,289626.0,348,33,300373
002759.SZ,天际股份,9.8,-2.487562189,288560.0,349,33,002759
300903.SZ,科翔股份,11.15,-3.962101637,288494.5,350,33,300903
000630.SZ,铜陵有色,3.4,1.796407186,288027.5,351,33,000630
301219.SZ,腾远钴业,55.31,4.122740964,287720.0,352,33,301219
600584.SH,长电科技,33.97,0.831107153,287137.0,353,17,600584
002725.SZ,跃岭股份,13.21,0.227617602,285763.0,354,33,002725
002343.SZ,慈文传媒,8.57,-2.724177072,285512.5,355,33,002343
300083.SZ,创世纪,8.54,3.892944039,284743.0,356,33,300083
301082.SZ,久盛电气,20.54,7.034914018,283159.5,357,33,301082
002786.SZ,银宝山新,10.14,9.978308026,282853.0,358,33,002786
600250.SH,南京商旅,11.68,-1.267962806,282177.5,359,17,600250
603982.SH,泉峰汽车,11.25,1.534296029,281931.5,360,17,603982
600595.SH,中孚实业,4.82,10.0456621,280376.0,361,17,600595
002703.SZ,浙江世宝,12.84,-2.134146341,279953.5,362,33,002703
601727.SH,上海电气,7.43,0.541271989,279825.0,363,17,601727
601012.SH,隆基绿能,14.86,-1.065246338,278950.0,364,17,601012
300123.SZ,亚光科技,7.45,3.185595568,278779.0,365,33,300123
300339.SZ,润和软件,51.15,0.629549479,277792.0,366,33,300339
300397.SZ,天和防务,14.11,-2.756719504,276650.0,367,33,300397
600362.SH,江西铜业,23.79,1.536491677,276584.5,368,17,600362
002045.SZ,国光电器,16.12,1.002506266,275803.0,369,33,002045
002292.SZ,奥飞娱乐,9.79,0.720164609,275621.5,370,33,002292
600438.SH,通威股份,16.18,-3.402985075,274872.0,371,17,600438
601218.SH,吉鑫科技,4.52,9.9756691,273872.0,372,17,601218
600601.SH,方正科技,5.3,-0.74906367,271888.5,373,17,600601
003026.SZ,中晶科技,36.98,2.750764101,271348.5,374,33,003026
000701.SZ,厦门信达,6.45,-2.861445783,271280.0,375,33,000701
600478.SH,科力远,6.08,-2.72,271160.5,376,17,600478
301319.SZ,唯特偶,33.74,-6.277777778,270073.0,377,33,301319
600519.SH,贵州茅台,1405.1,-0.313581929,269950.5,378,17,600519
003009.SZ,中天火箭,48.94,-3.261514133,269484.5,379,33,003009
301662.SZ,宏工科技,108.2,2.249102249,268882.5,380,33,301662
301311.SZ,昆船智能,21.63,5.873715125,268167.5,381,33,301311
603019.SH,中科曙光,69.32,-1.534090909,267423.0,382,17,603019
600759.SH,洲际油气,2.36,0.425531915,267139.5,383,17,600759
300084.SZ,海默科技,8.39,3.580246914,266732.0,384,33,300084
601288.SH,农业银行,5.96,1.360544218,266274.0,385,17,601288
300100.SZ,双林股份,47.16,0.169923534,265428.5,386,33,300100
002123.SZ,梦网科技,14.71,-1.605351171,265141.0,387,33,002123
600101.SH,明星电力,10.68,4.705882353,264737.5,388,17,600101
300872.SZ,天阳科技,21.65,-6.114483955,264252.0,389,33,300872
600111.SH,北方稀土,24.86,-0.16064257,262400.5,390,17,600111
000880.SZ,潍柴重机,37.25,-1.50713908,262036.5,391,33,000880
300159.SZ,*ST新研,3.52,10.344827586,259462.5,392,33,300159
300040.SZ,九洲集团,7.5,5.93220339,259318.5,393,33,300040
002769.SZ,普路通,9.2,-4.958677686,258565.0,394,33,002769
603332.SH,苏州龙杰,16.49,2.042079208,258491.5,395,17,603332
601933.SH,永辉超市,4.85,-1.020408163,257356.5,396,17,601933
002607.SZ,中公教育,3.09,0.980392157,256335.5,397,33,002607
002050.SZ,三花智控,26.26,-0.454890068,255308.5,398,33,002050
603601.SH,再升科技,4.47,10.098522167,255044.5,399,17,603601
603669.SH,灵康药业,5.78,7.037037037,254380.5,400,17,603669
600722.SH,金牛化工,6.36,-0.156985871,254308.5,401,17,600722
002658.SZ,雪迪龙,8.61,9.961685824,254192.0,402,33,002658
002226.SZ,江南化工,5.97,2.931034483,253281.0,403,33,002226
300057.SZ,万顺新材,5.84,7.155963303,252911.0,404,33,300057
601555.SH,东吴证券,8.99,2.742857143,252107.5,405,17,601555
600900.SH,长江电力,30.37,0.763105508,251953.5,406,17,600900
002851.SZ,麦格米特,48.96,-2.353410451,251886.0,407,33,002851
600577.SH,精达股份,7.69,3.360215054,251880.0,408,17,600577
000811.SZ,冰轮环境,10.37,5.816326531,251004.0,409,33,000811
002517.SZ,恺英网络,19.98,3.469704816,250058.5,410,33,002517
002582.SZ,好想你,9.99,0.705645161,249176.0,411,33,002582
002559.SZ,亚威股份,10,4.712041885,247957.0,412,33,002559
002654.SZ,万润科技,12.47,0,247560.5,413,33,002654
002415.SZ,海康威视,27.53,-0.721240534,247502.0,414,33,002415
601939.SH,建设银行,9.71,2.860169492,246663.0,415,17,601939
000572.SZ,海马汽车,4.55,2.477477477,246435.0,416,33,000572
600113.SH,浙江东日,25.07,-2.754072925,246026.0,417,17,600113
002031.SZ,巨轮智能,8.06,-0.738916256,245698.5,418,33,002031
003015.SZ,日久光电,17.45,1.749271137,245171.0,419,33,003015
603936.SH,博敏电子,10.37,9.968186638,244965.5,420,17,603936
300315.SZ,掌趣科技,5.92,-2.471169687,244480.0,421,33,300315
600446.SH,金证股份,18.08,-4.691618345,244382.5,422,17,600446
002255.SZ,海陆重工,8.76,4.038004751,244165.0,423,33,002255
002436.SZ,兴森科技,13.3,0.453172205,243928.0,424,33,002436
600879.SH,航天电子,10.3,-1.623686724,241785.5,425,17,600879
603688.SH,石英股份,35.58,1.022146508,241483.0,426,17,603688
873169.BJ,七丰精工,43.67,-4.379242391,241262.0,427,151,873169
603400.SH,华之杰,55.8,-2.753572673,240682.0,428,17,603400
601988.SH,中国银行,5.65,0.533807829,240184.0,429,17,601988
002194.SZ,武汉凡谷,14.59,0.899031812,238416.0,430,33,002194
002681.SZ,奋达科技,6.84,1.033973412,237795.5,431,33,002681
300452.SZ,山河药辅,14.72,19.967400163,237601.0,432,33,300452
000973.SZ,佛塑科技,6.88,-3.370786517,237142.0,433,33,000973
002281.SZ,光迅科技,48.55,-1.561232766,235405.5,434,33,002281
300458.SZ,全志科技,40.09,1.007810532,235064.5,435,33,300458
300364.SZ,中文在线,26.19,-1.169811321,234915.5,436,33,300364
301125.SZ,腾亚精工,16.94,-3.913783324,234724.0,437,33,301125
300705.SZ,九典制药,16.51,6.037251124,234669.5,438,33,300705
300991.SZ,创益通,31.1,2.606400528,234582.5,439,33,300991
000799.SZ,酒鬼酒,42.73,-2.864287338,234435.0,440,33,000799
301176.SZ,逸豪新材,26.08,-2.504672897,234409.0,441,33,301176
300748.SZ,金力永磁,23.51,-1.384228188,234128.0,442,33,300748
301213.SZ,观想科技,61.15,-5.076063334,233353.0,443,33,301213
300142.SZ,沃森生物,11.34,3.090909091,233269.0,444,33,300142
600036.SH,招商银行,46.45,1.088139282,233025.0,445,17,600036
605058.SH,澳弘电子,29.93,-2.061518325,232636.5,446,17,605058
300409.SZ,道氏技术,16.23,-4.191263282,232358.5,447,33,300409
603579.SH,荣泰健康,28.05,2.898019076,232278.5,448,17,603579
002077.SZ,大港股份,14.55,1.464435146,232188.0,449,33,002077
300759.SZ,康龙化成,24.78,0.97799511,231864.0,450,33,300759
300485.SZ,赛升药业,13.87,1.314828342,231803.0,451,33,300485
300398.SZ,飞凯材料,19.95,-0.100150225,231135.5,452,33,300398
002602.SZ,ST华通,11.16,0.722021661,230573.0,453,33,002602
300253.SZ,卫宁健康,10.49,-1.037735849,230399.5,454,33,300253
300357.SZ,我武生物,21.98,6.492248062,230241.5,455,33,300357
000056.SZ,皇庭国际,3.42,9.967845659,229927.5,456,33,000056
688136.SH,科兴制药,44.19,15.620094192,227356.5,457,17,688136
300009.SZ,安科生物,8.89,6.212664277,225434.0,458,33,300009
688221.SH,前沿生物,12.05,20.019920319,224850.5,459,17,688221
002819.SZ,东方中科,29.89,-4.504792332,223968.0,460,33,002819
600751.SH,海航科技,3.61,10.06097561,221702.5,461,17,600751
300887.SZ,谱尼测试,8.85,1.374570447,221417.0,462,33,300887
300457.SZ,赢合科技,21.63,-5.956521739,220833.0,463,33,300457
300827.SZ,上能电气,30.8,0.818330606,220511.0,464,33,300827
000009.SZ,中国宝安,9.13,2.815315315,220497.0,465,33,000009
002073.SZ,软控股份,9.24,3.937007874,220353.5,466,33,002073
300120.SZ,经纬辉开,10.58,5.483549352,219712.0,467,33,300120
002636.SZ,金安国纪,9.78,3.164556962,219666.5,468,33,002636
605277.SH,新亚电子,17.26,-3.897550111,219021.5,469,17,605277
300459.SZ,汤姆猫,5.57,-0.535714286,218517.5,470,33,300459
000541.SZ,佛山照明,6.7,5.015673981,217659.5,471,33,000541
300947.SZ,德必集团,25.18,4.437992534,216270.5,472,33,300947
600562.SH,国睿科技,31.68,0.603366148,215931.0,473,17,600562
605398.SH,新炬网络,34.72,-3.367659338,215795.5,474,17,605398
300650.SZ,太龙股份,16.81,0.658682635,215048.0,475,33,300650
300618.SZ,寒锐钴业,36.7,2.74356103,215017.5,476,33,300618
000559.SZ,万向钱潮,7.62,-0.392156863,213989.5,477,33,000559
000795.SZ,英洛华,10.74,-1.104972376,213667.5,478,33,000795
002279.SZ,久其软件,6.7,2.290076336,213528.5,479,33,002279
002828.SZ,贝肯能源,10.56,-0.751879699,213025.5,480,33,002828
603169.SH,兰石重装,8.04,2.030456853,212958.5,481,17,603169
688981.SH,中芯国际,87.76,-0.465010775,212955.0,482,17,688981
603616.SH,韩建河山,4.6,-3.966597077,212434.5,483,17,603616
300657.SZ,弘信电子,28.28,1.398350663,211650.5,484,33,300657
000831.SZ,中国稀土,36,-0.332225914,211275.0,485,33,000831
300554.SZ,三超新材,27.66,20,210763.0,486,33,300554
600259.SH,广晟有色,52.28,-1.581325301,210748.5,487,17,600259
000617.SZ,中油资本,7.21,-1.232876712,210465.0,488,33,000617
002312.SZ,川发龙蟒,11.4,-0.696864111,210352.5,489,33,002312
000725.SZ,京东方A,3.99,0,210305.5,490,33,000725
301205.SZ,联特科技,96.06,0.208637596,209933.5,491,33,301205
000555.SZ,神州信息,13.8,-2.953586498,209805.5,492,33,000555
603918.SH,金桥信息,19.38,-3.051525763,209060.5,493,17,603918
600844.SH,丹化科技,3.53,0.56980057,209049.0,494,17,600844
603948.SH,建业股份,23.57,-1.174004193,208975.5,495,17,603948
600522.SH,中天科技,14.43,-0.20746888,207702.5,496,17,600522
601975.SH,招商南油,2.91,-0.342465753,207700.5,497,17,601975
600410.SH,华胜天成,9.56,-0.31282586,206980.5,498,17,600410
300515.SZ,三德科技,23.52,5.234899329,206341.0,499,33,300515
300480.SZ,光力科技,16.42,3.270440252,206251.5,500,33,300480
688041.SH,海光信息,136.5,-3.390190389,206155.5,501,17,688041
002845.SZ,同兴达,15.73,10,205370.5,502,33,002845
002400.SZ,省广集团,7.57,-0.916230366,204505.5,503,33,002400
600246.SH,万通发展,6.42,5.073649755,203879.0,504,17,600246
603087.SH,甘李药业,56.58,3.285870756,203417.0,505,17,603087
002691.SZ,冀凯股份,8.52,1.428571429,203152.0,506,33,002691
300624.SZ,万兴科技,62.84,1.273166801,202054.5,507,33,300624
000651.SZ,格力电器,45.45,1.179875334,201934.5,508,33,000651
600392.SH,盛和资源,13.1,-0.53151101,201494.5,509,17,600392
002977.SZ,天箭科技,42.26,-0.494466682,201413.0,510,33,002977
300386.SZ,飞天诚信,21.7,-2.777777778,200867.5,511,33,300386
603236.SH,移远通信,87.98,2.540792541,200820.5,512,17,603236
603444.SH,吉比特,320.48,6.136777612,200787.5,513,17,603444
600367.SH,红星发展,15.55,-0.892288082,200754.5,514,17,600367
002669.SZ,康达新材,12.76,10,200035.5,515,33,002669
300121.SZ,阳谷华泰,15.34,2.062541583,199905.5,516,33,300121
600795.SH,国电电力,4.99,3.099173554,199749.0,517,17,600795
601099.SH,太平洋,3.89,-1.017811705,199705.0,518,17,601099
300015.SZ,爱尔眼科,12.33,-1.201923077,199695.5,519,33,300015
600884.SH,杉杉股份,9.48,0.21141649,199487.0,520,17,600884
000815.SZ,美利云,12.62,-2.170542636,199058.0,521,33,000815
600992.SH,贵绳股份,15.8,3.133159269,198872.5,522,17,600992
300442.SZ,润泽科技,47.63,-3.836058954,198715.0,523,33,300442
000700.SZ,模塑科技,7.61,-3.057324841,198686.5,524,33,000700
002966.SZ,苏州银行,9.23,5.125284738,198412.0,525,33,002966
002055.SZ,得润电子,7.19,-1.506849315,198366.0,526,33,002055
002536.SZ,飞龙股份,15.72,5.080213904,198197.5,527,33,002536
300265.SZ,通光线缆,10.06,1.925025329,198108.0,528,33,300265
600571.SH,信雅达,16.88,-2.201622248,197928.0,529,17,600571
002891.SZ,中宠股份,65.18,5.349927267,197495.5,530,33,002891
300548.SZ,博创科技,65.26,-2.261494683,197149.5,531,33,300548
300570.SZ,太辰光,95.84,-0.560282216,196613.0,532,33,300570
002459.SZ,晶澳科技,9.82,-1.603206413,196371.5,533,33,002459
000938.SZ,紫光股份,23.85,-0.58357649,196241.5,534,33,000938
002401.SZ,中远海科,16.74,-3.571428571,196026.5,535,33,002401
300886.SZ,华业香料,31.75,5.974632844,195661.5,536,33,300886
002428.SZ,云南锗业,20.29,1.959798995,195587.5,537,33,002428
002052.SZ,同洲电子,11.33,9.257473481,194924.0,538,33,002052
600521.SH,华海药业,19.7,5.743424584,194401.0,539,17,600521
300750.SZ,宁德时代,251.5,-0.28546507,193730.0,540,33,300750
002044.SZ,美年健康,5.19,0.972762646,193392.5,541,33,002044
603859.SH,能科科技,33.17,2.629950495,193025.5,542,17,603859
300418.SZ,昆仑万维,33.16,-1.397561701,192902.5,543,33,300418
300533.SZ,冰川网络,33.41,0,192672.5,544,33,300533
002049.SZ,紫光国微,65.52,-0.516246584,191930.5,545,33,002049
300169.SZ,天晟新材,9.42,-4.170905392,191613.5,546,33,300169
300501.SZ,海顺新材,18.57,-1.849894292,190868.0,547,33,300501
300115.SZ,长盈精密,21.2,-0.934579439,190669.5,548,33,300115
601177.SH,杭齿前进,18.54,-1.014415376,190654.0,549,17,601177
300660.SZ,江苏雷利,44.61,0.836347197,190454.0,550,33,300660
000759.SZ,中百集团,7.73,-0.642673522,190243.5,551,33,000759
300607.SZ,拓斯达,33.68,-1.202698739,189559.0,552,33,300607
300189.SZ,神农种业,4.48,1.357466063,189381.0,553,33,300189
300775.SZ,三角防务,26.84,-0.074460164,189008.0,554,33,300775
002460.SZ,赣锋锂业,33.56,-0.621853716,188921.5,555,33,002460
300672.SZ,国科微,86.21,1.519076778,187974.5,556,33,300672
603823.SH,百合花,14.21,9.984520124,187906.0,557,17,603823
002466.SZ,天齐锂业,31.78,-0.811485643,187441.0,558,33,002466
000525.SZ,红太阳,7.54,1.617250674,187190.5,559,33,000525
600809.SH,山西汾酒,174.42,-1.116843358,186683.0,560,17,600809
300095.SZ,华伍股份,9.97,-3.764478764,185394.0,561,33,300095
301287.SZ,康力源,40.38,-0.271672018,185355.0,562,33,301287
603037.SH,凯众股份,12.13,-2.491961415,185137.0,563,17,603037
833427.BJ,华维设计,21.06,30,185077.0,564,151,833427
002988.SZ,豪美新材,41.1,8.157894737,185003.0,565,33,002988
000807.SZ,云铝股份,16.58,3.754693367,184682.0,566,33,000807
600706.SH,曲江文旅,10.22,1.088031652,184442.0,567,17,600706
001269.SZ,欧晶科技,25.56,-0.15625,184223.5,568,33,001269
600547.SH,山东黄金,33.31,4.321954275,184197.0,569,17,600547
600396.SH,华电辽能,3.25,10.169491525,184046.0,570,17,600396
002082.SZ,万邦德,7.01,4.626865672,183925.0,571,33,002082
000530.SZ,冰山冷热,6.05,2.368866328,183860.0,572,33,000530
600309.SH,万华化学,53.98,-0.516033911,183655.0,573,17,600309
603693.SH,江苏新能,14.25,5.712166172,182649.5,574,17,603693
002617.SZ,露笑科技,7.55,0.26560425,182205.0,575,33,002617
601600.SH,中国铝业,7.08,0.568181818,182073.5,576,17,601600
300606.SZ,金太阳,21.69,9.989858012,181261.5,577,33,300606
002155.SZ,湖南黄金,18.28,2.408963585,181075.0,578,33,002155
000601.SZ,韶能股份,5.12,5.349794239,181057.5,579,33,000601
301022.SZ,海泰科,34.39,-5.287799504,180795.0,580,33,301022
002085.SZ,万丰奥威,15.74,-0.943989931,180052.0,581,33,002085
300634.SZ,彩讯股份,27.12,0.073800738,179752.0,582,33,300634
002716.SZ,湖南白银,3.99,2.307692308,179730.5,583,33,002716
688047.SH,龙芯中科,141.97,6.432266287,179431.5,584,17,688047
601069.SH,西部黄金,20.7,1.71990172,178934.0,585,17,601069
300840.SZ,酷特智能,21.6,-3.139013453,178761.5,586,33,300840
301565.SZ,中仑新材,25.85,-6.34057971,178718.0,587,33,301565
300370.SZ,安控科技,3.36,5,178652.0,588,33,300370
001696.SZ,宗申动力,22.29,-0.712694878,178587.0,589,33,001696
002348.SZ,高乐股份,4.12,0.487804878,178401.0,590,33,002348
300993.SZ,玉马科技,14.91,-1.649076517,177978.5,591,33,300993
603125.SH,常青科技,19.36,10,177688.5,592,17,603125
603980.SH,吉华集团,5.68,0,177656.0,593,17,603980
688331.SH,荣昌生物,68.39,13.041322314,176960.5,594,17,688331
301389.SZ,隆扬电子,26.18,6.336311942,175558.5,595,33,301389
002141.SZ,贤丰控股,4.46,0.224719101,175495.5,596,33,002141
300638.SZ,广和通,27.99,-2.235417394,175164.5,597,33,300638
000933.SZ,神火股份,17.19,3.305288462,174691.5,598,33,000933
301297.SZ,富乐德,43.11,4.306798935,174630.0,599,33,301297
600893.SH,航发动力,38,-1.401141671,173900.5,600,17,600893
600732.SH,爱旭股份,13.11,0.076335878,173618.0,601,17,600732
000881.SZ,中广核技,8.59,0.116550117,173469.5,602,33,000881
300252.SZ,金信诺,11.29,-1.655052265,173161.0,603,33,300252
300092.SZ,科新机电,14.28,2.219040802,172679.5,604,33,300092
600557.SH,康缘药业,15.37,3.99188092,171174.5,605,17,600557
603883.SH,老百姓,21.5,2.332222751,171034.5,606,17,603883
300623.SZ,捷捷微电,30.19,1.308724832,170655.0,607,33,300623
300489.SZ,光智科技,41.4,-6.25,170598.0,608,33,300489
600507.SH,方大特钢,4.61,6.221198157,170485.5,609,17,600507
002797.SZ,第一创业,7.04,-0.564971751,170240.5,610,33,002797
603232.SH,格尔软件,16.41,-3.185840708,169680.0,611,17,603232
000767.SZ,晋控电力,3.01,5.244755245,168310.5,612,33,000767
300730.SZ,科创信息,15.23,-3.6685642,168159.5,613,33,300730
000333.SZ,美的集团,72.11,-0.12465374,167903.0,614,33,000333
600372.SH,中航机载,12.02,-0.331674959,167579.5,615,17,600372
002277.SZ,友阿股份,6.09,1.331114809,167412.0,616,33,002277
002230.SZ,科大讯飞,47.83,-0.104427736,167327.5,617,33,002230
600327.SH,大东方,4.99,2.886597938,167321.5,618,17,600327
002369.SZ,卓翼科技,9.21,-1.074113856,167267.5,619,33,002369
000558.SZ,天府文旅,4.44,-0.892857143,166659.5,620,33,000558
600460.SH,士兰微,24.96,0.564061241,166529.5,621,17,600460
600391.SH,航发科技,28.95,-0.856164384,165996.0,622,17,600391
600172.SH,黄河旋风,4.45,0.451467269,165945.0,623,17,600172
002565.SZ,顺灏股份,6.15,0.326264274,165563.0,624,33,002565
600301.SH,华锡有色,20.76,3.955933901,165369.5,625,17,600301
603690.SH,至纯科技,25.46,1.880752301,165261.0,626,17,603690
002251.SZ,步步高,4.89,0.410677618,165198.0,627,33,002251
301129.SZ,瑞纳智能,27.81,2.393225331,165013.5,628,33,301129
000612.SZ,焦作万方,7.91,2.196382429,164710.0,629,33,000612
300157.SZ,新锦动力,5.15,-1.717557252,163898.0,630,33,300157
601908.SH,京运通,3.34,-0.298507463,163144.5,631,17,601908
300127.SZ,银河磁体,28.55,-1.517764746,162522.0,632,33,300127
002487.SZ,大金重工,33.3,1.215805471,162341.5,633,33,002487
601916.SH,浙商银行,3.48,2.654867257,162086.0,634,17,601916
603501.SH,豪威集团,127.68,0.023501763,161713.0,635,17,603501
300240.SZ,飞力达,9.31,0.539956803,161501.5,636,33,300240
603086.SH,先达股份,10.03,2.346938776,161409.0,637,17,603086
002268.SZ,电科网安,17.81,-2.62438491,161350.5,638,33,002268
603818.SH,曲美家居,5.28,2.723735409,161161.5,639,17,603818
300695.SZ,兆丰股份,83.5,7.065008334,160879.5,640,33,300695
300922.SZ,天秦装备,27.2,-2.64853257,160504.0,641,33,300922
300405.SZ,科隆股份,6.55,15.92920354,160335.0,642,33,300405
600550.SH,保变电气,8.57,-0.348837209,159879.0,643,17,600550
600375.SH,汉马科技,7.06,-3.945578231,159859.5,644,17,600375
601689.SH,拓普集团,46.5,-1.587301587,159798.0,645,17,601689
300465.SZ,高伟达,15.78,-4.537205082,159624.0,646,33,300465
002298.SZ,中电鑫龙,6.77,-0.29455081,159522.5,647,33,002298
301292.SZ,海科新源,21.69,-4.026548673,159503.5,648,33,301292
002519.SZ,银河电子,5.56,-0.53667263,159184.5,649,33,002519
300738.SZ,奥飞数据,20.27,-3.153368371,158745.5,650,33,300738
002093.SZ,国脉科技,11.59,-2.02874049,158723.0,651,33,002093
601888.SH,中国中免,60.61,-0.590454322,158712.5,652,17,601888
000021.SZ,深科技,18.73,-0.053361793,158608.0,653,33,000021
002880.SZ,卫光生物,29.43,3.226937917,158564.5,654,33,002880
301526.SZ,国际复材,3.89,6.868131868,158480.0,655,33,301526
600734.SH,实达集团,4.14,-2.127659574,158444.0,656,17,600734
002204.SZ,大连重工,6.05,1.340033501,158186.5,657,33,002204
002457.SZ,青龙管业,12.39,-1.038338658,158106.5,658,33,002457
600176.SH,中国巨石,11.88,4.210526316,158065.0,659,17,600176
000536.SZ,华映科技,4.45,0.678733032,157855.5,660,33,000536
600733.SH,北汽蓝谷,7.35,-0.271370421,157414.5,661,17,600733
600855.SH,航天长峰,14.08,-1.744591766,157312.5,662,17,600855
300598.SZ,诚迈科技,42.73,0.423031727,157223.5,663,33,300598
688626.SH,翔宇医疗,47.59,8.109950023,157212.0,664,17,688626
300233.SZ,金城医药,17.28,1.527614571,157129.5,665,33,300233
300493.SZ,润欣科技,21.29,0.094029149,157018.5,666,33,300493
601059.SH,信达证券,16.93,-0.994152047,156636.0,667,17,601059
002609.SZ,捷顺科技,11.19,-4.195205479,156170.5,668,33,002609
300044.SZ,ST赛为,3.93,6.793478261,155841.5,669,33,300044
002806.SZ,华锋股份,13.01,-2.546816479,155617.5,670,33,002806
603106.SH,恒银科技,10.35,-2.358490566,154780.5,671,17,603106
002981.SZ,朝阳科技,27.17,3.386605784,154709.0,672,33,002981
300346.SZ,南大光电,32.1,1.453855879,154625.0,673,33,300346
002273.SZ,水晶光电,19.94,-0.150225338,154557.0,674,33,002273
000153.SZ,丰原药业,6.79,10.048622366,154420.0,675,33,000153
603072.SH,天和磁材,53.87,-1.822489521,153779.0,676,17,603072
000948.SZ,南天信息,20.68,-2.222222222,153763.5,677,33,000948
301015.SZ,百洋医药,20.72,3.290129611,153065.5,678,33,301015
600196.SH,复星医药,25.3,0.836986847,152857.0,679,17,600196
300579.SZ,数字认证,33.04,-4.259634888,152171.5,680,33,300579
002172.SZ,澳洋健康,3.96,1.538461538,152075.5,681,33,002172
600887.SH,伊利股份,27.67,-0.753228121,151992.5,682,17,600887
300068.SZ,南都电源,15.62,-1.884422111,151839.0,683,33,300068
301277.SZ,新天地,14.97,4.175365344,151437.5,684,33,301277
601360.SH,三六零,10.17,-0.294117647,151192.5,685,17,601360
603398.SH,*ST沐邦,5.59,0.720720721,150991.5,686,22,603398
605180.SH,华生科技,14.55,-1.689189189,150880.0,687,17,605180
301078.SZ,孩子王,13.25,1.377199694,150702.0,688,33,301078
002611.SZ,东方精工,12.02,-0.331674959,150662.0,689,33,002611
002539.SZ,云图控股,9.78,4.264392324,150539.0,690,33,002539
002902.SZ,铭普光磁,21.04,-0.941619586,150437.5,691,33,002902
600000.SH,浦发银行,14.18,2.161383285,150369.5,692,17,600000
300432.SZ,富临精工,13.1,0.229533282,150063.0,693,33,300432
300287.SZ,飞利信,5.79,0.695652174,149467.5,694,33,300287
300719.SZ,安达维尔,19.33,-0.616966581,149315.5,695,33,300719
300703.SZ,创源股份,21.31,0.708884688,148747.0,696,33,300703
000002.SZ,万科A,6.35,-1.090342679,148666.5,697,33,000002
300122.SZ,智飞生物,19.65,0.306278714,148353.0,698,33,300122
000533.SZ,顺钠股份,7.05,1.147776184,148233.0,699,33,000533
603533.SH,掌阅科技,22.13,-0.806813088,147942.5,700,17,603533
300223.SZ,北京君正,68.36,-1.213872832,147443.0,701,33,300223
600031.SH,三一重工,17.73,-1.225626741,147333.5,702,17,600031
000633.SZ,合金投资,6.77,10.081300813,147252.5,703,33,000633
301398.SZ,星源卓镁,40.56,3.920061491,147031.0,704,33,301398
300576.SZ,容大感光,37.75,1.615074024,146523.5,705,33,300576
688321.SH,微芯生物,26.5,11.438183347,146318.0,706,17,688321
600961.SH,株冶集团,11.22,0.357781753,145890.5,707,17,600961
002150.SZ,通润装备,12.34,2.919099249,145846.5,708,33,002150
600906.SH,财达证券,6.89,1.026392962,145607.5,709,17,600906
002815.SZ,崇达技术,11.62,2.559576346,145332.0,710,33,002815
300766.SZ,每日互动,34.45,-1.402404121,145304.0,711,33,300766
300798.SZ,锦鸡股份,10.66,-1.931922723,145256.5,712,33,300798
603373.SH,安邦护卫,47.48,-3.652597403,145081.5,713,17,603373
002826.SZ,易明医药,19.03,-2.159383033,145051.5,714,33,002826
300401.SZ,花园生物,15.4,1.249178172,144942.0,715,33,300401
600588.SH,用友网络,13.1,-2.019446522,144924.0,716,17,600588
300655.SZ,晶瑞电材,9.99,-0.1998002,144867.0,717,33,300655
301345.SZ,涛涛车业,124,14.708603145,144583.0,718,33,301345
002376.SZ,新北洋,7.72,-0.643500644,144515.0,719,33,002376
605136.SH,丽人丽妆,10.8,0.465116279,144351.5,720,17,605136
002272.SZ,川润股份,10.95,-0.994575045,144310.0,721,33,002272
601865.SH,福莱特,15.37,1.051939513,144220.0,722,17,601865
002615.SZ,哈尔斯,8.35,-0.713436385,144189.0,723,33,002615
300945.SZ,曼卡龙,22.15,-0.180261379,143598.5,724,33,300945
600919.SH,江苏银行,12.14,1.675041876,143460.5,725,17,600919
002907.SZ,华森制药,16.92,1.621621622,143272.5,726,33,002907
002516.SZ,旷达科技,5.38,4.466019417,143042.0,727,33,002516
300462.SZ,华铭智能,12.58,-3.379416283,142890.0,728,33,300462
000733.SZ,振华科技,50.04,-0.01998002,142594.5,729,33,000733
603256.SH,宏和科技,16.3,9.986504723,142185.0,730,17,603256
001979.SZ,招商蛇口,8.63,-1.596351197,141920.5,731,33,001979
300763.SZ,锦浪科技,57.01,-0.662136261,141797.0,732,33,300763
300058.SZ,蓝色光标,6.46,-1.524390244,141793.0,733,33,300058
603683.SH,晶华新材,15.49,6.095890411,141683.5,734,17,603683
600726.SH,华电能源,2.57,9.829059829,141647.5,735,17,600726
601519.SH,大智慧,10.01,-1.766437684,141552.0,736,17,601519
002916.SZ,深南电路,110.99,2.949633615,141031.5,737,33,002916
002599.SZ,盛通股份,8.56,2.761104442,140928.0,738,33,002599
603879.SH,永悦科技,6.66,3.095975232,140912.0,739,17,603879
601198.SH,东兴证券,11.17,0.179372197,140787.0,740,17,601198
600690.SH,海尔智家,24.76,-0.08071025,140656.5,741,17,600690
603168.SH,莎普爱思,7.81,5.683355886,140134.0,742,17,603168
300299.SZ,富春股份,7.57,-1.432291667,140130.0,743,33,300299
002580.SZ,圣阳股份,13.91,-1.556970984,140126.0,744,33,002580
000833.SZ,粤桂股份,12.52,0.240192154,139898.5,745,33,000833
002590.SZ,万安科技,14.42,-1.50273224,139854.0,746,33,002590
002717.SZ,ST岭南,1.84,0.546448087,139683.5,747,33,002717
603209.SH,兴通股份,15.47,-0.322164948,139662.0,748,17,603209
300622.SZ,博士眼镜,34.18,-1.696865114,139506.5,749,33,300622
000868.SZ,安凯客车,5.86,-0.677966102,139439.5,750,33,000868
300542.SZ,新晨科技,22.94,-3.369839933,139407.0,751,33,300542
603610.SH,麒盛科技,12.71,1.761409127,139291.0,752,17,603610
300558.SZ,贝达药业,60.22,3.917169974,139239.5,753,33,300558
002714.SZ,牧原股份,41.99,-0.047607712,139077.0,754,33,002714
605388.SH,均瑶健康,8.24,0,138938.0,755,17,605388
601007.SH,金陵饭店,7.64,0.791556728,138877.0,756,17,601007
002648.SZ,卫星化学,17.22,-0.63473745,138232.0,757,33,002648
603893.SH,瑞芯微,152.53,0.441195838,138086.0,758,17,603893
002294.SZ,信立泰,50.26,6.190576801,137919.5,759,33,002294
002773.SZ,康弘药业,30.36,4.798066966,137884.5,760,33,002773
300177.SZ,中海达,11.22,-2.094240838,137780.0,761,33,300177
600602.SH,云赛智联,20.02,-0.743678731,137537.0,762,17,600602
002437.SZ,誉衡药业,2.92,2.456140351,137470.5,763,33,002437
600318.SH,新力金融,9.69,-1.923076923,137400.0,764,17,600318
002102.SZ,能特科技,3.48,10.126582278,137333.5,765,33,002102
001389.SZ,广合科技,60.02,2.126935511,137302.0,766,33,001389
002624.SZ,完美世界,15.15,-0.131839156,137086.0,767,33,002624
002152.SZ,广电运通,13.21,-1.711309524,137051.0,768,33,002152
000016.SZ,深康佳A,5.14,-0.387596899,136995.5,769,33,000016
430139.BJ,华岭股份,28.04,4.044526902,136649.0,770,151,430139
300846.SZ,首都在线,19.15,-1.593011305,136553.5,771,33,300846
600490.SH,鹏欣资源,4.46,1.59453303,136413.5,772,17,600490
603990.SH,麦迪科技,16.77,3.2,136360.5,773,17,603990
002340.SZ,格林美,6.35,0,136172.0,774,33,002340
300747.SZ,锐科激光,24.03,1.478040541,135781.5,775,33,300747
300352.SZ,北信源,5.59,1.084990958,135648.5,776,33,300352
600536.SH,中国软件,46.25,-1.111823819,135565.0,777,17,600536
002439.SZ,启明星辰,15.78,-1.313320826,135501.5,778,33,002439
002338.SZ,奥普光电,47.9,1.268498943,135115.0,779,33,002338
300328.SZ,宜安科技,11.66,0.777873812,134858.5,780,33,300328
300291.SZ,百纳千成,5.71,0,134748.0,781,33,300291
000676.SZ,智度股份,9.09,-0.328947368,134012.0,782,33,000676
000661.SZ,长春高新,100,0.826779593,133889.5,783,33,000661
300333.SZ,兆日科技,15.46,-2.151898734,133648.5,784,33,300333
000506.SZ,中润资源,9.49,-3.360488798,133381.5,785,33,000506
002915.SZ,中欣氟材,18.05,0.950782998,133377.0,786,33,002915
000960.SZ,锡业股份,15.56,1.699346405,133333.0,787,33,000960
600979.SH,广安爱众,5.2,3.174603175,133297.5,788,17,600979
300882.SZ,万胜智能,17.6,-1.895206243,133297.0,789,33,300882
600050.SH,中国联通,5.35,0.187265918,132877.0,790,17,600050
300665.SZ,飞鹿股份,10.03,19.976076555,132869.0,791,33,300665
600518.SH,康美药业,1.9,0.529100529,132861.5,792,17,600518
002625.SZ,光启技术,39.41,-1.425712856,132651.0,793,33,002625
300207.SZ,欣旺达,19.9,-0.797607178,132567.0,794,33,300207
301132.SZ,满坤科技,33.87,-3.996598639,132360.5,795,33,301132
002837.SZ,英维克,29.46,-0.841467519,132049.0,796,33,002837
430090.BJ,同辉信息,10.12,-9.237668161,131956.5,797,151,430090
300450.SZ,先导智能,24.56,-0.927793465,131762.0,798,33,300450
300474.SZ,景嘉微,72.6,-0.547945205,131546.0,799,33,300474
300245.SZ,天玑科技,19.12,-1.290655653,131540.0,800,33,300245
605009.SH,豪悦护理,42.44,6.686777275,131439.0,801,17,605009
301209.SZ,联合化学,108.18,4.279930596,131020.5,802,33,301209
002709.SZ,天赐材料,17.95,-0.938189845,130829.0,803,33,002709
300166.SZ,东方国信,10.56,-3.119266055,130780.5,804,33,300166
301236.SZ,软通动力,54.26,-0.695461201,130477.5,805,33,301236
000756.SZ,新华制药,15.27,2.345844504,130330.0,806,33,000756
300663.SZ,科蓝软件,18.99,-3.211009174,130069.5,807,33,300663
002286.SZ,保龄宝,11.7,3.265666372,130066.5,808,33,002286
600810.SH,神马股份,9.31,-0.640341515,129746.0,809,17,600810
603065.SH,宿迁联盛,10.3,3.309929789,129739.5,810,17,603065
600186.SH,莲花控股,5.95,-0.833333333,129362.5,811,17,600186
001359.SZ,平安电工,35.1,0.630733945,129168.5,812,33,001359
300765.SZ,新诺威,55.1,6.5970207,129080.0,813,33,300765
300347.SZ,泰格医药,54.08,1.425356339,128860.0,814,33,300347
605011.SH,杭州热电,23.26,4.118173679,128825.0,815,17,605011
002201.SZ,九鼎新材,6.81,3.969465649,128524.0,816,33,002201
300170.SZ,汉得信息,16.88,-1.917489831,128385.0,817,33,300170
603136.SH,天目湖,13.3,-1.262063846,128373.5,818,17,603136
002122.SZ,汇洲智能,4.19,0.479616307,128265.0,819,33,002122
002805.SZ,丰元股份,14,-0.709219858,128117.5,820,33,002805
300786.SZ,国林科技,15.75,1.547388781,128058.0,821,33,300786
600405.SH,动力源,5.52,-2.987697715,127897.5,822,17,600405
601636.SH,旗滨集团,5.1,1.796407186,127795.0,823,17,601636
600157.SH,永泰能源,1.33,-0.746268657,127591.5,824,17,600157
300073.SZ,当升科技,43.3,-1.299293367,127281.0,825,33,300073
002345.SZ,潮宏基,14.8,1.161995899,127218.5,826,33,002345
603078.SH,江化微,18.92,1.502145923,126903.5,827,17,603078
300563.SZ,神宇股份,39.88,-1.6765286,126332.0,828,33,300563
300586.SZ,美联新材,11.24,5.3420806,126299.0,829,33,300586
688297.SH,中无人机,52.2,-2.247191011,126248.5,830,17,688297
300772.SZ,运达股份,13.1,1.708074534,126241.0,831,33,300772
300014.SZ,亿纬锂能,45.41,-0.873171797,126091.0,832,33,300014
600170.SH,上海建工,2.39,0,126080.0,833,17,600170
301607.SZ,富特科技,38.24,-4.208416834,125938.0,834,33,301607
600495.SH,晋西车轴,5.05,1,125785.5,835,17,600495
600702.SH,舍得酒业,50.42,-1.906614786,125581.5,836,17,600702
300430.SZ,诚益通,21,0.71942446,125453.0,837,33,300430
300925.SZ,法本信息,24.82,-1.429706116,125166.5,838,33,300925
600611.SH,大众交通,6.2,-0.321543408,124989.0,839,17,600611
002335.SZ,科华数据,41.67,-2.366447985,124937.0,840,33,002335
600506.SH,统一股份,20.12,1.925025329,124902.0,841,17,600506
600216.SH,浙江医药,15.14,2.366463827,124803.5,842,17,600216
000510.SZ,新金路,5.12,0.589390963,123921.0,843,33,000510
600812.SH,华北制药,6.39,3.398058252,123773.0,844,17,600812
002626.SZ,金达威,20.73,1.319648094,123771.0,845,33,002626
300541.SZ,先进数通,15.79,-2.830769231,123705.5,846,33,300541
603922.SH,金鸿顺,17.96,-2.497285559,123495.0,847,17,603922
870199.BJ,倍益康,40.59,10.209068694,123419.5,848,151,870199
688573.SH,信宇人,35.16,1.61849711,122887.0,849,17,688573
300030.SZ,阳普医疗,8.24,19.941775837,122854.0,850,33,300030
603119.SH,浙江荣泰,45.18,-2.292387543,122669.0,851,17,603119
002068.SZ,黑猫股份,10.82,5.97453477,122667.5,852,33,002068
002109.SZ,兴化股份,3.72,-3.125,122660.0,853,33,002109
601609.SH,金田股份,7.03,0.285306705,122594.5,854,17,601609
002205.SZ,国统股份,11.37,-1.130434783,122065.5,855,33,002205
601886.SH,江河集团,6.18,0.487804878,122040.5,856,17,601886
000887.SZ,中鼎股份,17.61,0.113700966,121976.0,857,33,000887
300815.SZ,玉禾田,20.64,0.437956204,121892.0,858,33,300815
000953.SZ,河化股份,7.03,1.589595376,121879.0,859,33,000953
301089.SZ,拓新药业,33.33,5.042546486,121692.0,860,33,301089
300184.SZ,力源信息,9.8,-0.203665988,121523.0,861,33,300184
301396.SZ,宏景科技,60.07,-3.28449525,121327.0,862,33,301396
600986.SH,浙文互联,8.17,0,121297.5,863,17,600986
605151.SH,西上海,21.34,10,121286.5,864,17,605151
600558.SH,大西洋,5.32,2.307692308,121203.5,865,17,600558
600048.SH,保利发展,8.02,-0.987654321,121193.5,866,17,600048
300895.SZ,铜牛信息,44.89,-2.814462005,121185.5,867,33,300895
002779.SZ,中坚科技,75.42,0.199282583,121166.5,868,33,002779
600398.SH,海澜之家,7.36,5.747126437,120902.0,869,17,600398
000750.SZ,国海证券,4.08,-0.970873786,120693.0,870,33,000750
300201.SZ,海伦哲,5.6,1.633393829,120568.0,871,33,300201
300913.SZ,兆龙互连,46.31,-1.089278086,120518.5,872,33,300913
300124.SZ,汇川技术,64.22,-0.54204739,120247.0,873,33,300124
601857.SH,中国石油,8.64,1.052631579,120231.0,874,17,601857
301507.SZ,民生健康,15.78,8.752584425,119951.0,875,33,301507
000034.SZ,神州数码,37.1,-1.434643996,119902.5,876,33,000034
300562.SZ,乐心医疗,15.66,6.169491525,119710.5,877,33,300562
000966.SZ,长源电力,4.63,2.888888889,119382.5,878,33,000966
000568.SZ,泸州老窖,112.5,-0.793650794,119332.0,879,33,000568
002006.SZ,精工科技,16.42,-0.060864273,119227.5,880,33,002006
002008.SZ,大族激光,24.42,0.205170291,118628.0,881,33,002008
002673.SZ,西部证券,7.78,-1.269035533,118597.5,882,33,002673
600664.SH,哈药股份,3.77,2.445652174,118309.0,883,17,600664
000409.SZ,云鼎科技,11.4,-0.34965035,117864.0,884,33,000409
002530.SZ,金财互联,10.54,-1.21836926,117579.0,885,33,002530
600149.SH,廊坊发展,5.28,2.524271845,117486.5,886,17,600149
300002.SZ,神州泰岳,11.71,-0.762711864,117431.5,887,33,300002
603118.SH,共进股份,11.25,-0.177462289,117403.0,888,17,603118
300276.SZ,三丰智能,10.88,-1.090909091,117320.5,889,33,300276
688525.SH,佰维存储,67.8,0.59347181,117242.0,890,17,688525
300133.SZ,华策影视,7.54,0.399467377,117209.5,891,33,300133
603613.SH,国联股份,23.38,-1.308569016,117166.5,892,17,603613
603706.SH,东方环宇,21.06,-2.228412256,116899.0,893,17,603706
600361.SH,创新新材,3.98,-0.250626566,116864.5,894,17,600361
002560.SZ,通达股份,7.84,-0.759493671,116673.0,895,33,002560
002820.SZ,桂发祥,11.54,-0.431406385,116658.0,896,33,002820
002355.SZ,兴民智通,7.91,-0.628140704,116531.5,897,33,002355
600770.SH,综艺股份,5.38,1.509433962,116288.5,898,17,600770
601003.SH,柳钢股份,3.87,9.943181818,116254.0,899,17,601003
600650.SH,锦江在线,15.46,-0.770218228,116145.5,900,17,600650
600160.SH,巨化股份,29,1.115760112,116020.0,901,17,600160
600593.SH,大连圣亚,30.16,0.633967301,115949.0,902,17,600593
603366.SH,日出东方,9.97,-0.894632207,115744.0,903,17,603366
000801.SZ,四川九洲,15.38,-1.536491677,115685.0,904,33,000801
300250.SZ,初灵信息,16.92,0.714285714,115676.5,905,33,300250
601788.SH,光大证券,17.79,-1.0567297,115667.5,906,17,601788
300619.SZ,金银河,27.53,-2.237215909,115312.0,907,33,300619
002037.SZ,保利联合,9.39,2.735229759,115096.5,908,33,002037
920037.BJ,广信科技,69.44,-4.680851064,114873.5,909,151,920037
300678.SZ,中科信息,34.51,-0.20242915,114646.5,910,33,300678
601789.SH,宁波建工,5.45,-1.801801802,114551.5,911,17,601789
300035.SZ,中科电气,16.89,0.059241706,114446.5,912,33,300035
300342.SZ,天银机电,17.38,-1.473922902,114419.0,913,33,300342
300941.SZ,创识科技,28.52,-4.391552129,114174.5,914,33,300941
002371.SZ,北方华创,443.3,0.246489225,114013.5,915,33,002371
300224.SZ,正海磁材,13.97,-1.272084806,113916.0,916,33,300224
600010.SH,包钢股份,1.79,0,113880.0,917,17,600010
002449.SZ,国星光电,9.98,-0.992063492,113848.5,918,33,002449
301622.SZ,英思特,84.3,-3.370013755,113741.0,919,33,301622
601881.SH,中国银河,17.07,-0.466472303,113685.0,920,17,601881
603390.SH,通达电气,13.65,-0.582665696,113476.5,921,17,603390
002364.SZ,中恒电气,15.07,-1.760104302,113163.0,922,33,002364
300172.SZ,中电环保,5.58,1.454545455,113047.5,923,33,300172
600156.SH,华升股份,7.09,-3.274215553,112999.5,924,17,600156
002899.SZ,英派斯,23.3,3.786191537,112695.5,925,33,002899
300410.SZ,正业科技,7.56,0.265251989,112638.0,926,33,300410
000681.SZ,视觉中国,19.9,-1.191658391,112637.5,927,33,000681
600106.SH,重庆路桥,6.39,4.241435563,112501.5,928,17,600106
000516.SZ,国际医学,5.31,1.919385797,112465.5,929,33,000516
002612.SZ,朗姿股份,17.28,2.612826603,112426.0,930,33,002612
002178.SZ,延华智能,6.25,-0.159744409,112259.0,931,33,002178
603726.SH,朗迪集团,17.81,10.006176652,112250.0,932,17,603726
605117.SH,德业股份,52.49,-0.322825674,112215.5,933,17,605117
002575.SZ,群兴玩具,8.78,3.172737955,112148.0,934,33,002575
605599.SH,菜百股份,17.43,6.605504587,112110.5,935,17,605599
603803.SH,瑞斯康达,10.33,2.888446215,112107.5,936,17,603803
605118.SH,力鼎光电,25.98,4.63149416,111759.5,937,17,605118
001309.SZ,德明利,118.69,0.295757985,111748.5,938,33,001309
603931.SH,格林达,28.11,5.597295267,111725.5,939,17,603931
601216.SH,君正集团,5.46,-1.086956522,111624.5,940,17,601216
002476.SZ,宝莫股份,4.89,0.410677618,111584.0,941,33,002476
600862.SH,中航高科,25.92,-0.613496933,111500.0,942,17,600862
300376.SZ,ST易事特,4.06,2.525252525,111269.5,943,33,300376
600549.SH,厦门钨业,21.06,0.669216061,110997.5,944,17,600549
002440.SZ,闰土股份,7.72,1.312335958,110912.0,945,33,002440
832982.BJ,锦波生物,395,10.967524441,110863.0,946,151,832982
688658.SH,悦康药业,22,15.546218487,110857.5,947,17,688658
600183.SH,生益科技,30.5,1.160862355,110752.5,948,17,600183
000554.SZ,泰山石油,7.01,-0.848656294,110690.5,949,33,000554
300024.SZ,机器人,16.95,-1.338766007,110676.5,950,33,300024
603956.SH,威派格,6.98,-1.690140845,110635.0,951,17,603956
600905.SH,三峡能源,4.27,0.234741784,110588.0,952,17,600905
000818.SZ,航锦科技,22.38,-0.533333333,110473.0,953,33,000818
300884.SZ,狄耐克,13.55,0.968703428,110469.5,954,33,300884
300213.SZ,佳讯飞鸿,8.9,-1.657458564,110251.0,955,33,300213
601088.SH,中国神华,40.94,0.986679822,110222.0,956,17,601088
600703.SH,三安光电,12.35,-0.403225806,110125.5,957,17,600703
601966.SH,玲珑轮胎,14.66,-0.068166326,110061.0,958,17,601966
003021.SZ,兆威机电,107.61,-0.499306519,110060.5,959,33,003021
300475.SZ,香农芯创,35.08,-1.543642997,110054.5,960,33,300475
002976.SZ,瑞玛精密,24.97,-3.961538462,109975.5,961,33,002976
601168.SH,西部矿业,16.84,1.262778112,109975.0,962,17,601168
600684.SH,珠江股份,4.43,0,109922.0,963,17,600684
603369.SH,今世缘,38.62,-0.796301053,109886.0,964,17,603369
600745.SH,闻泰科技,33.46,-0.208768267,109832.5,965,17,600745
002258.SZ,利尔化学,11.32,2.536231884,109820.5,966,33,002258
000059.SZ,华锦股份,5.56,3.153988868,109772.0,967,33,000059
600348.SH,华阳股份,6.77,1.651651652,109749.5,968,17,600348
600938.SH,中国海油,26.13,0.076599004,109612.5,969,17,600938
000607.SZ,华媒控股,4.48,-1.969365427,109547.5,970,33,000607
301487.SZ,盟固利,21.69,-0.641319285,109529.0,971,33,301487
600118.SH,中国卫星,28.27,-1.050052503,109472.5,972,17,600118
600199.SH,金种子酒,10.68,-1.111111111,109242.5,973,17,600199
300101.SZ,振芯科技,22.69,0.265134777,109186.5,974,33,300101
603258.SH,电魂网络,24.62,-1.912350598,109157.5,975,17,603258
300516.SZ,久之洋,38.49,1.744647105,109082.5,976,33,300516
605389.SH,长龄液压,47.18,7.081252837,109039.5,977,17,605389
603516.SH,淳中科技,36.33,1.197771588,109033.0,978,17,603516
601136.SH,首创证券,19.8,-0.402414487,108799.5,979,17,601136
002925.SZ,盈趣科技,17.94,-0.22246941,108718.5,980,33,002925
300256.SZ,星星科技,4.27,0.470588235,108613.0,981,33,300256
603881.SH,数据港,25.2,-1.369863014,108599.0,982,17,603881
301373.SZ,凌玮科技,35.12,19.986334131,108455.0,983,33,301373
601985.SH,中国核电,9.33,0.107296137,108269.0,984,17,601985
300604.SZ,长川科技,45.01,0.222667557,108233.0,985,33,300604
300067.SZ,安诺其,5.84,-0.170940171,108197.5,986,33,300067
920088.BJ,科力股份,42.3,-0.587544066,108196.5,987,151,920088
600604.SH,市北高新,5.02,-2.524271845,108056.5,988,17,600604
002793.SZ,罗欣药业,4.84,4.310344828,107994.0,989,33,002793
600765.SH,中航重机,16.8,-0.473933649,107965.5,990,17,600765
000592.SZ,平潭发展,3.09,1.31147541,107755.5,991,33,000592
603056.SH,德邦股份,15.88,-0.251256281,107753.0,992,17,603056
002406.SZ,远东传动,7.59,-0.524246396,107628.5,993,33,002406
600678.SH,四川金顶,8.43,-0.589622642,107365.0,994,17,600678
000963.SZ,华东医药,41.12,1.883052527,107293.0,995,33,000963
603189.SH,网达软件,17.75,2.187679908,107178.5,996,17,603189
002812.SZ,恩捷股份,28.9,-1.331512462,107117.0,997,33,002812
000766.SZ,通化金马,25.35,-0.078833268,106849.5,998,33,000766
600559.SH,老白干酒,16.65,-0.597014925,106739.5,999,17,600559
603615.SH,茶花股份,25.05,9.055289508,106675.5,1000,17,603615
